Model,RMSE,MAE,R2
Linear Regression,222.2323251171099,76.74425104275484,0.38133621611467616
Decision Tree,20.991554149709728,1.2443230868409474,0.9944801227453911
Random Forest,17.62546078098778,1.4220775927997216,0.9961084627461017
XGBoost,167.39152077344835,17.31274000174551,0.648999978342397
